"Name","State","Notes","User","Tags","Created","Runtime","Sweep","device","epoches","n_parameters","output_dir","resume","task","train_samples","tuning","use_amp","use_ema","val_samples","best/bbox_AP","best/bbox_AP50","best/bbox_AP75","best/bbox_AP_large","best/bbox_AP_medium","best/bbox_AP_small","best/bbox_AR1","best/bbox_AR10","best/bbox_AR100","best/bbox_AR_large","best/bbox_AR_medium","best/bbox_AR_small","best/epoch","epoch","model/n_parameters","train/loss","train/loss_bbox","train/loss_bbox_aux_0","train/loss_bbox_aux_1","train/loss_bbox_aux_2","train/loss_bbox_dn_0","train/loss_bbox_dn_1","train/loss_bbox_dn_2","train/loss_bbox_dn_3","train/loss_bbox_enc_0","train/loss_giou","train/loss_giou_aux_0","train/loss_giou_aux_1","train/loss_giou_aux_2","train/loss_giou_dn_0","train/loss_giou_dn_1","train/loss_giou_dn_2","train/loss_giou_dn_3","train/loss_giou_enc_0","train/loss_vfl","train/loss_vfl_aux_0","train/loss_vfl_aux_1","train/loss_vfl_aux_2","train/loss_vfl_dn_0","train/loss_vfl_dn_1","train/loss_vfl_dn_2","train/loss_vfl_dn_3","train/loss_vfl_enc_0","train/lr","val/coco_eval_bbox_AP","val/coco_eval_bbox_AP50","val/coco_eval_bbox_AP75","val/coco_eval_bbox_AP_large","val/coco_eval_bbox_AP_medium","val/coco_eval_bbox_AP_small","val/coco_eval_bbox_AR1","val/coco_eval_bbox_AR10","val/coco_eval_bbox_AR100","val/coco_eval_bbox_AR_large","val/coco_eval_bbox_AR_medium","val/coco_eval_bbox_AR_small","time_limit_reached","time_limit_seconds","train/loss_bbox_aux_3","train/loss_giou_aux_3","train/loss_vfl_aux_3","training/epochs_completed","training/time_limit_reached","training/time_seconds"
"rtdetrv2_r34vd_lumafusion_coeffY16_Cb64_Cr64_120e_coco_20260108-101747_epoch0029","finished","-","","","2026-01-08T09:16:39.000Z","165855","","cuda","120","31453252","/dlocal/run/1588498/pytorchv2-rt-detr/output/detr_compressed34/rtdetrv2_r34vd_lumafusion_coeffY16_Cb64_Cr64_120e_coco_20260108-101747_epoch0029","true","detection","118287","false","true","true","5000","0.3964679711940094","0.558253386146777","0.4220851223359319","0.6072357197017048","0.43002214978706593","0.17709782303152435","0.3276100880105307","0.5468407228855882","0.6125932165329107","0.8488300537968602","0.6731426178360523","0.3621754723905898","55","56","31453252","13.067408918996067","0.19463404911863655","0.2048953041265117","0.1987913311246779","0.19603308244284975","0.3017104247054517","0.22599467432995168","0.20315372178519572","0.19872961467944347","0.236592034043968","0.6116737650860675","0.6296333292856912","0.6190466662172789","0.6145729970458328","0.6836913768875227","0.5627056765296939","0.523109468975604","0.5164473996341736","0.678845038663247","0.7700125096085619","0.8324380432533113","0.8005401120506149","0.7796151586151845","0.4581058383100757","0.41098637432000945","0.39808295330238885","0.39242157011293755","0.8249464137890256","0.000010000000000001044","0.3964679711940094","0.558253386146777","0.4220851223359319","0.6072357197017048","0.43002214978706593","0.17709782303152435","0.3276100880105307","0.5468407228855882","0.6125932165329107","0.8488300537968602","0.6731426178360523","0.3621754723905898","1","82800","","","","57","true","82802.507106781"
"rtdetrv2_r34vd_lumafusion_coeffY0_Cb16_Cr16_120e_coco_20260108-101747","finished","-","","","2026-01-08T09:16:38.000Z","82815","","cuda","120","31444932","output/detr_compressed34/rtdetrv2_r34vd_lumafusion_coeffY0_Cb16_Cr16_120e_coco_20260108-101747","false","detection","118287","false","true","true","5000","0.31976712865209034","0.4583392526248796","0.3419074429346224","0.510171146432298","0.33366992453284033","0.12754522939253615","0.2872179992169662","0.4835289067855754","0.5479767827205281","0.7988486360300249","0.5961928347704031","0.27614275579010916","27","28","31444932","14.95333237600582","0.2524520536712225","0.2628900216865284","0.2560975138973031","0.2534065879909885","0.3714033343986691","0.2890864767992118","0.2707029409869057","0.267415658192454","0.2964079067874885","0.7078798082019413","0.7252566499753863","0.7145489379478577","0.7096826795149415","0.772223573004187","0.6535985624473243","0.6298544170946316","0.626028605774558","0.7746043999457779","0.8439456674098603","0.9117560528942712","0.8755638396913256","0.8558231461750431","0.4723747971409956","0.43074970785314654","0.4190325923064509","0.4142857663213705","0.896260688390637","0.00001000000000000102","0.31976712865209034","0.4583392526248796","0.3419074429346224","0.510171146432298","0.33366992453284033","0.12754522939253615","0.2872179992169662","0.4835289067855754","0.5479767827205281","0.7988486360300249","0.5961928347704031","0.27614275579010916","1","82800","","","","29","true","82802.63986754417"
"rtdetrv2_r34vd_lumafusion_coeffY0_Cb48_Cr48_120e_coco_20260108-101729","finished","-","","","2026-01-08T09:16:23.000Z","82816","","cuda","120","31446980","output/detr_compressed34/rtdetrv2_r34vd_lumafusion_coeffY0_Cb48_Cr48_120e_coco_20260108-101729","false","detection","118287","false","true","true","5000","0.3130544418810948","0.4499874387182344","0.33273784855233635","0.4999365865121562","0.32643361456516595","0.12414967910691788","0.28522009607887017","0.4772752300150685","0.5434916612921405","0.7960144762211625","0.5921814601583023","0.26914040959385027","23","24","31446980","15.09407122379478","0.2550006703674372","0.2649648800492287","0.25904287430507134","0.2560748163518552","0.37595045905125857","0.29622701512840527","0.27739279650072746","0.2737730515034797","0.2989826544224163","0.713567033357418","0.7319397937387965","0.7217470935713697","0.716152396271591","0.7811908744881094","0.6671883427422797","0.6428898982993284","0.6384659359396135","0.7827910938448283","0.8486445450530036","0.9157212759496468","0.8781232746245583","0.8591432820781802","0.47298208715216433","0.4328304439045936","0.4209505438383392","0.4158788889962456","0.8964552161550353","0.000009999999999999652","0.3130544418810948","0.4499874387182344","0.33273784855233635","0.4999365865121562","0.32643361456516595","0.12414967910691788","0.28522009607887017","0.4772752300150685","0.5434916612921405","0.7960144762211625","0.5921814601583023","0.26914040959385027","1","82800","","","","25","true","82802.89666461945"
"rtdetrv2_r34vd_lumafusion_coeffY0_Cb64_Cr64_120e_coco_20260108-101729","finished","-","","","2026-01-08T09:16:23.000Z","82816","","cuda","120","31448004","output/detr_compressed34/rtdetrv2_r34vd_lumafusion_coeffY0_Cb64_Cr64_120e_coco_20260108-101729","false","detection","118287","false","true","true","5000","0.3124147159036336","0.4482319035843087","0.33384953934297723","0.5039853600675793","0.3266124578167682","0.12888314441592144","0.28097381466577703","0.476539138197693","0.5427990973142927","0.7846631892385878","0.5948953114819422","0.2748747815131061","23","24","31448004","15.101037566616556","0.25579031728593526","0.26529913746947625","0.2589451558009698","0.2567846119506303","0.3773178751455387","0.29895177640059883","0.2746477475513039","0.27043059143068826","0.29903354302790325","0.7137180066666887","0.7313911476329252","0.7208387995018003","0.7157860127202654","0.7809798377221444","0.6695485960328664","0.634752363620354","0.6293948163627876","0.7816211735364964","0.8494599647746808","0.9225618553536346","0.8824320595172315","0.8605889480880607","0.4738063250168836","0.4328282324410609","0.4216942927692166","0.4166410055204241","0.9057933754911592","0.000010000000000001315","0.3124147159036336","0.4482319035843087","0.33384953934297723","0.5039853600675793","0.3266124578167682","0.12888314441592144","0.28097381466577703","0.476539138197693","0.5427990973142927","0.7846631892385878","0.5948953114819422","0.2748747815131061","1","82800","","","","25","true","82802.5188741684"
"rtdetrv2_r34vd_lumafusion_coeffY16_Cb16_Cr16_120e_coco_20260107-111257_epoch0022","finished","-","","","2026-01-07T10:12:56.000Z","171922","","cuda","120","31450180","/dlocal/run/1588489/pytorchv2-rt-detr/output/detr_compressed34/rtdetrv2_r34vd_lumafusion_coeffY16_Cb16_Cr16_120e_coco_20260107-111257_epoch0022","true","detection","118287","false","true","true","5000","0.36345960142086575","0.515514834105409","0.3870328428532201","0.5729838664760376","0.38823762571172793","0.15680130270016285","0.3125276954737927","0.5219012818024485","0.585828284724784","0.8282771476365647","0.6490250858984753","0.3113437937150345","47","48","31450180","13.82581058600888","0.21262091583126827","0.2230397534833035","0.21669296088698295","0.213774903003744","0.32835867283462594","0.24899589930048335","0.2242993466524602","0.2200262214685569","0.25689562875875827","0.6485494520778767","0.6663003636262484","0.6563615322648031","0.6505335711469872","0.7194518948243311","0.5953681215470796","0.5608279150227181","0.5552964023576996","0.7172288225438552","0.8045222474755808","0.8791400784549894","0.8384333029468057","0.8198177736437434","0.4659983263348073","0.42130641272604274","0.40743216138958555","0.40166714274518217","0.8728707946970697","0.000009999999999999682","0.36345960142086575","0.515514834105409","0.3870328428532201","0.5729838664760376","0.38823762571172793","0.15680130270016285","0.3125276954737927","0.5219012818024485","0.585828284724784","0.8282771476365647","0.6490250858984753","0.3113437937150345","1","82800","","","","49","true","82802.42275619507"
"rtdetrv2_r34vd_lumafusion_coeffY48_Cb32_Cr32_120e_coco_20260107-111257_epoch0023","finished","-","","","2026-01-07T10:12:56.000Z","175444","","cuda","120","31453252","/dlocal/run/1588494/pytorchv2-rt-detr/output/detr_compressed34/rtdetrv2_r34vd_lumafusion_coeffY48_Cb32_Cr32_120e_coco_20260107-111257_epoch0023","true","detection","118287","false","true","true","5000","0.3926886050547799","0.5525726644662686","0.41923136384538146","0.6064532410827369","0.4242881852412233","0.17660226560328138","0.3242071068680059","0.5436557637202077","0.6086334574762984","0.8489625882817253","0.6681971434123882","0.35155859107154414","45","46","31453252","13.340477473919208","0.19987557503737904","0.20961138360654777","0.20336578699379315","0.20055285417116608","0.31111506255290766","0.23690491574616568","0.21579805126195012","0.21224528536864137","0.24253086117356412","0.6222885644701328","0.6391555479591192","0.6291739407145542","0.623946579562025","0.696676899643562","0.5774473440888439","0.5500765578804712","0.5460785862839657","0.6911193664498657","0.7783634868421052","0.8481692813765183","0.8096833881578948","0.7893122153340081","0.4619949946229757","0.4144201511892713","0.401407475645243","0.39653893598178136","0.8326243832236843","0.000010000000000001334","0.3926886050547799","0.5525726644662686","0.41923136384538146","0.6064532410827369","0.4242881852412233","0.17660226560328138","0.3242071068680059","0.5436557637202077","0.6086334574762984","0.8489625882817253","0.6681971434123882","0.35155859107154414","1","82800","","","","47","true","82802.66709375381"
"rtdetrv2_r34vd_lumafusion_coeffY48_Cb16_Cr16_120e_coco_20260107-111257_epoch0022","finished","-","","","2026-01-07T10:12:56.000Z","171922","","cuda","120","31452228","/dlocal/run/1588491/pytorchv2-rt-detr/output/detr_compressed34/rtdetrv2_r34vd_lumafusion_coeffY48_Cb16_Cr16_120e_coco_20260107-111257_epoch0022","true","detection","118287","false","true","true","5000","0.39379017735337185","0.5556668848436639","0.41884083257836874","0.6065032447407792","0.4216117694477709","0.1775835378523495","0.32733858232119045","0.5431123388982472","0.6106279445224352","0.848624543647463","0.6711116657813768","0.35423834970505724","47","48","31452228","13.275273240156087","0.19814705616117972","0.20821472343657516","0.2014475989124333","0.19949124248692693","0.3080642967283907","0.23600926328801455","0.21008988665048836","0.20542091132116172","0.24010580627751568","0.6212802218720543","0.6389640690662578","0.6282114754195997","0.6236657541709468","0.6949831292893749","0.5795395828851451","0.5391494347694072","0.5328480661051251","0.690053035051627","0.7758950833491641","0.8444028721029635","0.8072412554616262","0.7847961982332827","0.461815664181231","0.4142227126472264","0.40158030965045594","0.3957995939399696","0.8338340318674012","0.000009999999999999818","0.39379017735337185","0.5556668848436639","0.41884083257836874","0.6065032447407792","0.4216117694477709","0.1775835378523495","0.32733858232119045","0.5431123388982472","0.6106279445224352","0.848624543647463","0.6711116657813768","0.35423834970505724","1","82800","","","","49","true","82802.47038984299"
"rtdetrv2_r34vd_lumafusion_coeffY32_Cb16_Cr16_120e_coco_20260107-111257_epoch0023","finished","-","","","2026-01-07T10:12:56.000Z","171922","","cuda","120","31451204","/dlocal/run/1588490/pytorchv2-rt-detr/output/detr_compressed34/rtdetrv2_r34vd_lumafusion_coeffY32_Cb16_Cr16_120e_coco_20260107-111257_epoch0023","true","detection","118287","false","true","true","5000","0.39329062473206594","0.5548553691127879","0.4193460552158545","0.6113233975094939","0.4231206665674536","0.17399067690312278","0.327339118007555","0.5458094809653928","0.6097704693700822","0.856381878363021","0.6691969308988525","0.34406620704150087","48","49","31451204","13.288224835144844","0.1999061120379912","0.2118436477980331","0.20393386245460104","0.20027488406355445","0.3190673307123545","0.2406278219760249","0.2200458614204667","0.21609038764022684","0.24613806247515113","0.6106870442040657","0.6307435615086242","0.6182422172278166","0.6127639625613627","0.6891896697251421","0.568011745222305","0.5406399778041401","0.5363657486281896","0.682700569594377","0.7818812320106908","0.8483677914268092","0.8129047594572368","0.7929430509868421","0.46143381219161184","0.4137075323807566","0.39958512155633225","0.3941835102282073","0.8359455309416118","0.000010000000000000025","0.39329062473206594","0.5548553691127879","0.4193460552158545","0.6113233975094939","0.4231206665674536","0.17399067690312278","0.327339118007555","0.5458094809653928","0.6097704693700822","0.856381878363021","0.6691969308988525","0.34406620704150087","1","82800","","","","50","true","82802.54848504066"
"rtdetrv2_r34vd_lumafusion_coeffY48_Cb0_Cr0_120e_coco_20260107-111353_epoch0027","finished","-","","","2026-01-07T10:12:49.000Z","171929","","cuda","120","31444868","/dlocal/run/1588488/pytorchv2-rt-detr/output/detr_compressed34/rtdetrv2_r34vd_lumafusion_coeffY48_Cb0_Cr0_120e_coco_20260107-111353_epoch0027","true","detection","118287","false","true","true","5000","0.3603398135061171","0.5175605585811822","0.3829460896230147","0.5793651073161965","0.38521618789256545","0.13548463114905138","0.3066304327385357","0.5043779764326541","0.5692211182192686","0.8371611960649341","0.6266657575500477","0.28897978362977006","52","53","31444868","13.656484903636835","0.21471353749780508","0.22469315191015515","0.21877406892547263","0.21532369654564648","0.31951196924662756","0.24044335688618337","0.22196974223937171","0.21928581031805863","0.25790377399685893","0.6553548146226201","0.6715233293211907","0.6625595985268765","0.6568866256236778","0.7177011735906565","0.5897862484577278","0.5644439464514682","0.561163066841595","0.7194937895324202","0.778764099024366","0.8405871343436344","0.8064378838153724","0.7892398340514395","0.4575913676621104","0.4168430979265716","0.4033543606378764","0.3986238619667855","0.8335115701763075","0.000009999999999999682","0.3603398135061171","0.5175605585811822","0.3829460896230147","0.5793651073161965","0.38521618789256545","0.13548463114905138","0.3066304327385357","0.5043779764326541","0.5692211182192686","0.8371611960649341","0.6266657575500477","0.28897978362977006","1","82800","","","","54","true","82802.72818398476"
"rtdetrv2_r34vd_lumafusion_coeffY32_Cb0_Cr0_120e_coco_20260107-111353_epoch0028","finished","-","","","2026-01-07T10:12:49.000Z","171929","","cuda","120","31443844","/dlocal/run/1588487/pytorchv2-rt-detr/output/detr_compressed34/rtdetrv2_r34vd_lumafusion_coeffY32_Cb0_Cr0_120e_coco_20260107-111353_epoch0028","true","detection","118287","false","true","true","5000","0.363588060782087","0.5241737763999034","0.3851841533219803","0.5886810417061533","0.3879886720735064","0.13513587591231005","0.3100146222895891","0.509281452387652","0.5707229296720314","0.8274035082570853","0.6271952930522364","0.29584827549123227","52","54","31443844","13.58571403187023","0.21430747929420935","0.2253530964944475","0.2181105387395305","0.21493076000025285","0.31607877658496963","0.2386220854804295","0.21818737303247515","0.21528512154757665","0.25740776097129103","0.66022444069303","0.6778482753000442","0.6666952522878533","0.6612341194247249","0.7161797994979363","0.5871712261580325","0.5609069423880547","0.5583093985729487","0.7244391612723011","0.768172452932446","0.8220058664064663","0.7952939342244184","0.7799757495543133","0.4581983043889331","0.41667347276550815","0.40351955991674743","0.3984187043495569","0.8121643827021601","0.00001000000000000065","0.3632908635808478","0.5239190375140891","0.38394321711400065","0.590240075527341","0.3880472696349138","0.1352916885583714","0.3100958071079706","0.5099136065034885","0.5718626559427549","0.830321800114275","0.628142385902837","0.2979250557062743","1","82800","","","","55","true","82802.63852214813"
"rtdetrv2_r34vd_lumafusion_coeffY16_Cb0_Cr0_120e_coco_20260107-111353_epoch0028","finished","-","","","2026-01-07T10:12:48.000Z","171955","","cuda","120","31442820","/dlocal/run/1588486/pytorchv2-rt-detr/output/detr_compressed34/rtdetrv2_r34vd_lumafusion_coeffY16_Cb0_Cr0_120e_coco_20260107-111353_epoch0028","true","detection","118287","false","true","true","5000","0.3437011071121945","0.4957236964034801","0.3637131579453798","0.57952408163336","0.3593981095963943","0.1201644190704984","0.29871572463207197","0.490260243047695","0.5541175157030773","0.8329705667033275","0.6106380234166744","0.2684774025074138","51","52","31442820","13.953706925436531","0.2226333782979936","0.23287508410333105","0.2267008388094459","0.22375141332748455","0.32607731152551644","0.24829134371966224","0.22710909180895497","0.22325957658624043","0.2637082001464482","0.6797018065701896","0.6960026220422545","0.68655305075181","0.6818851271434586","0.7366779185105841","0.6066835135205354","0.578862858569306","0.5742139679932105","0.7415371125209189","0.7903192032983293","0.8457384646196902","0.8153243952499324","0.7985845128179112","0.45847502208891366","0.42049619336148875","0.4077035482827719","0.40286145891462055","0.8376799083891369","0.000010000000000000546","0.34357118856213775","0.49577185783252553","0.3629687304419925","0.5780225211753718","0.35908759423074027","0.11941937952162616","0.29694113588574644","0.491475816357208","0.5546578851862622","0.832440133996924","0.6124474893690816","0.2703340572819706","0","82800","","","","53","true","82819.10576701164"
"rtdetrv2_r34vd_lumafusion_coeffY16_Cb32_Cr32_120e_coco_20260107-111354_epoch0030","finished","-","","","2026-01-07T10:12:48.000Z","171921","","cuda","120","31451204","/dlocal/run/1588492/pytorchv2-rt-detr/output/detr_compressed34/rtdetrv2_r34vd_lumafusion_coeffY16_Cb32_Cr32_120e_coco_20260107-111354_epoch0030","true","detection","118287","false","true","true","5000","0.39514794388230307","0.5562346123236696","0.4212097276517553","0.6072095350892797","0.42763413755813334","0.17809708010591618","0.3272860270086923","0.5453317867232269","0.6107301079462549","0.8510156351083612","0.6747826619426905","0.3563294575127211","56","57","31451204","13.172131917051784","0.1966990304702073","0.2075552018822907","0.20069209517738257","0.197629310864412","0.30374284796142437","0.229220142580887","0.20876812531732145","0.20546320263345744","0.23971648011274296","0.6177341344254709","0.6354241840859576","0.6246249489058275","0.6193461535495757","0.6881806415907589","0.5630656865541994","0.5376261489753871","0.5334945311909747","0.6846127051799743","0.7705417908344072","0.8341936383928571","0.8017149890118741","0.7827445433311856","0.4587216092139175","0.4119480048784978","0.39786317625874446","0.3925417735755707","0.8282668101067747","0.000010000000000000938","0.39514794388230307","0.5562346123236696","0.4212097276517553","0.6072095350892797","0.42763413755813334","0.17809708010591618","0.3272860270086923","0.5453317867232269","0.6107301079462549","0.8510156351083612","0.6747826619426905","0.3563294575127211","1","82800","","","","58","true","82802.57491016388"
"rtdetrv2_r34vd_lumafusion_coeffY32_Cb64_Cr64_120e_coco_20260107-111353_epoch0028","finished","-","","","2026-01-07T10:12:48.000Z","248886","","cuda","120","31454276","/dlocal/run/1588499/pytorchv2-rt-detr/output/detr_compressed34/rtdetrv2_r34vd_lumafusion_coeffY32_Cb64_Cr64_120e_coco_20260107-111353_epoch0028","true","detection","118287","false","true","true","5000","0.3979392168976063","0.5607101998468719","0.4238986427595998","0.6169465243726339","0.42697324333486625","0.17627649922167443","0.3317991330620238","0.5480322949826468","0.6119509378894038","0.850111483881949","0.6713847536030702","0.35133409065330384","54","55","31454276","13.07545906676583","0.19473867323180624","0.2051718018537709","0.19830641310326855","0.195187419959932","0.3027293099003216","0.22949775381161552","0.2075559151728104","0.20528853284373447","0.2370100453575126","0.6098324061927062","0.6265219728161551","0.6162819197269793","0.6110101647803351","0.6832767731802256","0.5624159660898467","0.5328434827140462","0.5301723430817894","0.67765401131804","0.7643840598845163","0.8290295738270562","0.7966187171807098","0.7778862192303436","0.459272251101521","0.4109243518504546","0.39770130579279334","0.3926533751684975","0.8214943009491188","0.000010000000000001344","0.3979392168976063","0.5607101998468719","0.4238986427595998","0.6169465243726339","0.42697324333486625","0.17627649922167443","0.3317991330620238","0.5480322949826468","0.6119509378894038","0.850111483881949","0.6713847536030702","0.35133409065330384","1","82800","","","","56","true","82802.61052060127"
"rtdetrv2_r34vd_lumafusion_coeffY48_Cb64_Cr64_120e_coco_20260107-111353_epoch0027","finished","-","","","2026-01-07T10:12:48.000Z","248886","","cuda","120","31455300","/dlocal/run/1588500/pytorchv2-rt-detr/output/detr_compressed34/rtdetrv2_r34vd_lumafusion_coeffY48_Cb64_Cr64_120e_coco_20260107-111353_epoch0027","true","detection","118287","false","true","true","5000","0.3983383683897382","0.5613673586582127","0.4267425164183089","0.6120850854689318","0.4300287891959892","0.17546456813319744","0.331761495625018","0.549150255103414","0.6141153641802859","0.8536438085847451","0.6743636868431101","0.35231979161262544","54","55","31455300","13.078229965884374","0.19494193371521795","0.20527488019878756","0.1989117963523503","0.19605119684255548","0.30301940667149424","0.2286042922841768","0.20528904037449175","0.2015578991019117","0.23679280480446327","0.6103541217768864","0.6278731107751014","0.6177631692389277","0.6127757026839868","0.6846245387897965","0.566122898114933","0.527000509086448","0.5213924497104471","0.6779090635973677","0.7684265926601228","0.8313173033422899","0.7975960154364993","0.7778252837793376","0.45944325655639945","0.411376256957392","0.3990601415983494","0.393384340641451","0.8235419679822877","0.00001000000000000072","0.3983383683897382","0.5613673586582127","0.4267425164183089","0.6120850854689318","0.4300287891959892","0.17546456813319744","0.331761495625018","0.549150255103414","0.6141153641802859","0.8536438085847451","0.6743636868431101","0.35231979161262544","1","82800","","","","56","true","82802.46182370186"
"rtdetrv2_r34vd_lumafusion_coeffY16_Cb48_Cr48_120e_coco_20260107-111354_epoch0029","finished","-","","","2026-01-07T10:12:47.000Z","218849","","cuda","120","31452228","/dlocal/run/1588495/pytorchv2-rt-detr/output/detr_compressed34/rtdetrv2_r34vd_lumafusion_coeffY16_Cb48_Cr48_120e_coco_20260107-111354_epoch0029","true","detection","118287","false","true","true","5000","0.3951652147211308","0.556410758065533","0.4226954799019171","0.6070893665278301","0.4236499358054037","0.17212568013361215","0.32897407812044976","0.5453795937685149","0.6103077883349173","0.8484820350101936","0.6711699853620198","0.35637940066416873","54","55","31452228","13.157384507135845","0.19642795280815104","0.20838124292143848","0.20114826915121903","0.1977275724477446","0.3052421305533294","0.2296089071961737","0.20802926000798327","0.2042606654496545","0.2393133854800528","0.6133028005412086","0.6318378391875952","0.6208169721827215","0.6154846027376514","0.6883037177790278","0.5668995760299347","0.5309559009513076","0.5256496434402615","0.6812471296854633","0.7750418526785714","0.8354660824666404","0.8031452364599686","0.7862669557005495","0.45829219608516486","0.41240755617150704","0.3988456785959576","0.393299815418956","0.8299815418956044","0.000009999999999999857","0.3951652147211308","0.556410758065533","0.4226954799019171","0.6070893665278301","0.4236499358054037","0.17212568013361215","0.32897407812044976","0.5453795937685149","0.6103077883349173","0.8484820350101936","0.6711699853620198","0.35637940066416873","1","82800","","","","56","true","82802.42520999908"
"rtdetrv2_r34vd_lumafusion_coeffY48_Cb48_Cr48_120e_coco_20260107-111354_epoch0028","finished","-","","","2026-01-07T10:12:47.000Z","248861","","cuda","120","31454276","/dlocal/run/1588497/pytorchv2-rt-detr/output/detr_compressed34/rtdetrv2_r34vd_lumafusion_coeffY48_Cb48_Cr48_120e_coco_20260107-111354_epoch0028","true","detection","118287","false","true","true","5000","0.3976450487897112","0.5595949844082397","0.4242465564481944","0.6128025309830151","0.4271468360840122","0.1768979473814904","0.3281513335159905","0.5478977799478281","0.6122104466732113","0.8476640807749334","0.6703052038735976","0.3553049039981673","52","53","31454276","13.153868139305445","0.19597165444033807","0.20605576599193923","0.19970017348332947","0.19662389352337944","0.3065237679897193","0.22939539445773496","0.21050765981591743","0.20805565990207003","0.2376985080862251","0.6127389727541452","0.629298686964024","0.6193717140822487","0.6143274183854761","0.687737517037378","0.5647758853366808","0.5377833175727889","0.5351334884032736","0.6797830089583177","0.7705731042867435","0.8367160764139049","0.8019017288251982","0.7828336776161744","0.4595440691417507","0.41242352136617433","0.3986289780146794","0.3937483114193084","0.8260161737887248","0.000010000000000000834","0.3976450487897112","0.5595949844082397","0.4242465564481944","0.6128025309830151","0.4271468360840122","0.1768979473814904","0.3281513335159905","0.5478977799478281","0.6122104466732113","0.8476640807749334","0.6703052038735976","0.3553049039981673","1","82800","","","","54","true","82802.39852976799"
"rtdetrv2_r34vd_lumafusion_coeffY32_Cb48_Cr48_120e_coco_20260107-111354_epoch0028","finished","-","","","2026-01-07T10:12:47.000Z","248862","","cuda","120","31453252","/dlocal/run/1588496/pytorchv2-rt-detr/output/detr_compressed34/rtdetrv2_r34vd_lumafusion_coeffY32_Cb48_Cr48_120e_coco_20260107-111354_epoch0028","true","detection","118287","false","true","true","5000","0.3996391379545994","0.5623086234796026","0.4282478246375128","0.6126521886738107","0.4264110277643147","0.18475599986232355","0.331033780213455","0.548666495718366","0.6136782648933915","0.8476534307438923","0.6707930801866766","0.3689605528969389","52","54","31453252","13.166875685557454","0.19781910584125212","0.20864144963158276","0.20181620897846012","0.1990334953856666","0.3076678540490419","0.22958296114376325","0.2108980728243398","0.2076478486545547","0.24067291392531992","0.6128865128345806","0.630499278900392","0.6199537175332901","0.6152914357201348","0.6862763800834923","0.5622868653929913","0.5371650959488126","0.5327820872414816","0.6804321655074542","0.7713489132587762","0.8377653407446063","0.8041717216830204","0.7816134136168332","0.4601773429881765","0.41198010307471966","0.3988473967538701","0.3938396571032423","0.8257783455479034","0.00001000000000000046","0.39850544702736","0.5607484127982542","0.4275240581931678","0.6141404231495706","0.42538702954249846","0.18479588559086332","0.3291824384773188","0.5482571779874706","0.6140127211133846","0.8470784240130544","0.6715410618990143","0.3687044758165216","1","82800","","","","55","true","82802.52461457253"
"rtdetrv2_r34vd_lumafusion_coeffY32_Cb32_Cr32_120e_coco_20260107-111354_epoch0028","finished","-","","","2026-01-07T10:12:47.000Z","171922","","cuda","120","31452228","/dlocal/run/1588493/pytorchv2-rt-detr/output/detr_compressed34/rtdetrv2_r34vd_lumafusion_coeffY32_Cb32_Cr32_120e_coco_20260107-111354_epoch0028","true","detection","118287","false","true","true","5000","0.3999215367316365","0.5630430204745153","0.4268656239727108","0.6105098092068113","0.4329973453028924","0.1809100264955868","0.3306952422037861","0.5490126044708602","0.6152616173372196","0.850985647351761","0.678599819359427","0.35269592062433214","54","55","31452228","13.120289674323503","0.1956367130312228","0.2051044078497631","0.1993268021300243","0.1966179903359117","0.30312936470714935","0.22710974433259049","0.2052217857142388","0.20221736865702103","0.23786863581768783","0.6165297252434018","0.633279208572619","0.6231779834501098","0.6186901673128158","0.6874807933336207","0.5656529552951519","0.5319145939257187","0.5274731863596512","0.6833660555409645","0.764795954250289","0.8337091824620085","0.7967290156817807","0.77580446231314","0.45964743416026593","0.4118102281291295","0.39840846444499506","0.3932027120498844","0.8263847217490502","0.000009999999999999648","0.3999215367316365","0.5630430204745153","0.4268656239727108","0.6105098092068113","0.4329973453028924","0.1809100264955868","0.3306952422037861","0.5490126044708602","0.6152616173372196","0.850985647351761","0.678599819359427","0.35269592062433214","1","82800","","","","56","true","82802.36249303818"
"rtdetrv2_r34vd_lumafusion_coeffY64_Cb0_Cr0_120e_coco_20260107-110301_epoch0074","finished","-","","","2026-01-07T10:03:25.000Z","260217","","cuda","120","31445892","/dlocal/run/1590192/pytorchv2-rt-detr/output/detr_compressed34/rtdetrv2_r34vd_lumafusion_coeffY64_Cb0_Cr0_120e_coco_20260107-110301_epoch0074","true","detection","118287","false","true","true","5000","0.3681803817395308","0.5316951824550159","0.3873563261455836","0.5982239135692153","0.3901152590529709","0.13967601300637322","0.31077278190665986","0.5134422043143713","0.5739269986839967","0.8353552161229542","0.6272126498050179","0.30249010690828704","73","115","31445892","10.73657035248576","0.16290622625929435","0.18092135093150744","0.17040434951044697","0.16359573499169297","0.5204006276754518","0.17783494353164084","0.15711717202612852","0.15491596436239008","0.20112016832412563","0.46828969051443775","0.48678199662175514","0.4766664891093583","0.4694594516071438","0.6251419556949654","0.42603456503301473","0.400851854847001","0.3984017565706504","0.5205211158277264","0.5563609464180902","0.6850425048195636","0.5946336261966686","0.5702614265402364","0.4342700780364516","0.376868411049324","0.35843065489141435","0.3539798321501579","0.6453574778502469","0.000010000000000001334","0.32994094357001985","0.48921724981869025","0.34126167194003904","0.5481298389186526","0.34512288372632366","0.11349378799816602","0.29020574875848887","0.4679248309312938","0.5276311583835999","0.7848271575555101","0.5622339061650372","0.2656144898316495","1","82800","","","","116","true","82801.57538723946"
"rtdetrv2_r34vd_lumafusion_coeffY64_Cb16_Cr16_120e_coco_20260107-110302_epoch0075","finished","-","","","2026-01-07T10:03:25.000Z","260218","","cuda","120","31453252","/dlocal/run/1590191/pytorchv2-rt-detr/output/detr_compressed34/rtdetrv2_r34vd_lumafusion_coeffY64_Cb16_Cr16_120e_coco_20260107-110302_epoch0075","true","detection","118287","false","true","true","5000","0.4035656518382291","0.5669845340930288","0.4279128419062548","0.6189010487882844","0.4311645864078565","0.18564457036060583","0.3330474021859834","0.5525143598445965","0.6162287453100929","0.8512123884349936","0.6705106573420138","0.382545269803896","75","119","31453252","9.543340970756493","0.141681385698435","0.15171837278737513","0.14532929282066953","0.14258996660723672","0.22500347902198825","0.1555967770376036","0.13930763056567871","0.1366767734254819","0.17978583452832375","0.4160870508616726","0.4300938033120541","0.4229960496481139","0.41800027468777184","0.4909707451949421","0.38796184859472577","0.36524534964682376","0.3615874525875801","0.4715212006731592","0.5289765318839327","0.6122065359900876","0.5826370429201245","0.54224195607855","0.424570902309532","0.35936419432918393","0.34368752971559474","0.3392887212208967","0.6282142368314891","0.00000999999999999967","0.36438240012748735","0.5253734291833586","0.3806174805943536","0.564558586759984","0.3876364763817285","0.15732590565280896","0.311785230067167","0.5109553283906131","0.5724779724200484","0.809725957287599","0.6114184489351138","0.32393860878488484","1","82800","","","","120","true","82801.94842457771"
"rtdetrv2_r34vd_lumafusion_coeffY64_Cb32_Cr32_120e_coco_20260107-110302_epoch0073","finished","-","","","2026-01-07T10:03:25.000Z","260217","","cuda","120","31454276","/dlocal/run/1590190/pytorchv2-rt-detr/output/detr_compressed34/rtdetrv2_r34vd_lumafusion_coeffY64_Cb32_Cr32_120e_coco_20260107-110302_epoch0073","true","detection","118287","false","true","true","5000","0.4092820746901592","0.5769341034333606","0.4347387425926262","0.6262176782910758","0.4413148372511216","0.1864623150055094","0.33391071694829","0.5523131924262039","0.616858588838141","0.8489819533890511","0.6754149032211457","0.3664044480130908","73","115","31454276","9.37246456868212","0.14065484569884593","0.1484774584125535","0.14323303926552475","0.141150565579656","0.21957995511477751","0.15191043345607433","0.13752632547484736","0.1354536848698039","0.17677251286717227","0.4129422497826283","0.42466418679908546","0.4174786372451295","0.41406161735542646","0.48345118810908055","0.3818473937645765","0.36197310036809094","0.35924131514180996","0.4672466216810013","0.5140192452730707","0.5901050119892532","0.548786288695716","0.5277356071651261","0.4219959241123826","0.357553974563527","0.3425441974765258","0.3382190829711341","0.6138400941947256","0.000009999999999999931","0.3657118382138155","0.5300301457168369","0.3814319589114525","0.5644243523880698","0.39062895022597544","0.15469652298360267","0.3105199210218106","0.5117972767376574","0.573550741804347","0.8107086050591118","0.6086104107191123","0.3269215939293025","1","82800","","","","116","true","82801.47768330574"
"rtdetrv2_r34vd_lumafusion_coeffY64_Cb48_Cr48_120e_coco_20260107-110301_epoch0072","finished","-","","","2026-01-07T10:03:25.000Z","260217","","cuda","120","31455300","/dlocal/run/1590189/pytorchv2-rt-detr/output/detr_compressed34/rtdetrv2_r34vd_lumafusion_coeffY64_Cb48_Cr48_120e_coco_20260107-110301_epoch0072","true","detection","118287","false","true","true","5000","0.4074205360250115","0.5744482129910715","0.43176177687842576","0.6186756020911073","0.4385758645587052","0.188847214669353","0.33700328024879467","0.5564203919542237","0.6199353312198533","0.8518838564808751","0.678346834749224","0.37083050908619825","73","114","31455300","9.346130671850252","0.14100982245786095","0.1501381389874656","0.14398661236056184","0.14190529945006028","0.22166365789652637","0.15235170219108546","0.1374078024289633","0.13514472541795655","0.1783740860638557","0.4106454428462184","0.42453129144800544","0.4161331001804034","0.4122851634351649","0.4823164224432825","0.37985168598826047","0.3566105854985988","0.3533693924726063","0.4646251417294876","0.5150950793191874","0.5837861948788214","0.5482569577131939","0.527729307559835","0.4210830651649235","0.3576691582235519","0.3423191355968423","0.33779006184633953","0.610051640750704","0.000009999999999999728","0.3660266110353505","0.5296729764311858","0.38216512174971046","0.568432818519872","0.38531600008748274","0.16235674010522388","0.3149186659676952","0.508639316982379","0.5682834631210918","0.8105756769390081","0.6031888826149457","0.3281814489634388","1","82800","","","","115","true","82801.5396387577"
"rtdetrv2_r34vd_lumafusion_coeffY64_Cb64_Cr64_120e_coco_20260107-110302_epoch0070","finished","-","","","2026-01-07T10:03:25.000Z","260217","","cuda","120","31456324","/dlocal/run/1590188/pytorchv2-rt-detr/output/detr_compressed34/rtdetrv2_r34vd_lumafusion_coeffY64_Cb64_Cr64_120e_coco_20260107-110302_epoch0070","true","detection","118287","false","true","true","5000","0.4072612219956347","0.5735186915356092","0.43177727149663153","0.6234261975118133","0.4374835355633371","0.18717873125159215","0.33381850214664005","0.5559981365947786","0.6185738458920699","0.8484111652199391","0.6731446835709459","0.3725388808478937","73","111","31456324","10.329723754230116","0.1477358520568102","0.17806129278807156","0.1618379717072633","0.14890362934631454","0.4970300446274561","0.17269198771102323","0.14822539915728716","0.14514321426312868","0.1856198868255868","0.42358952211607503","0.4590126882945949","0.4416916570090392","0.4254522051667484","0.5921804949502841","0.4046068311783717","0.3729911333211816","0.36915233712271034","0.47969928388987376","0.5434803577665079","0.7341225202414213","0.598078394619176","0.5593142972562175","0.43476841495897606","0.3692868480565284","0.3501466534634228","0.3452331360430112","0.641667699130824","0.00001000000000000127","0.3686269623295261","0.5345320636844993","0.38658212090774774","0.5672860148444643","0.3896931491876386","0.1590609450437304","0.31272256797205394","0.5153405002383826","0.5762074614192834","0.8024450075339766","0.6145755248560021","0.333873552703077","1","82800","","","","112","true","82801.4289200306"